{"train/loss": 2.6511013507843018, "epoch": 0, "trainer/global_step": 99, "_timestamp": 1716298925.6780431, "_runtime": 229.45524621009827, "_step": 1}