{"train/loss": 1.2167569398880005, "epoch": 11, "trainer/global_step": 836, "_timestamp": 1712302719.9278438, "_runtime": 441.9349408149719, "_step": 27, "valid/acc": 0.7953668236732483, "valid/f1": 0.3940849304199219, "test/acc": 0.8461538553237915, "test/f1": 0.5285292267799377, "_wandb": {"runtime": 444}}