{"train/loss": 1.1812944412231445, "epoch": 1, "trainer/global_step": 76, "_timestamp": 1712301005.3510337, "_runtime": 44.67822861671448, "_step": 2, "valid/acc": 0.7953668236732483, "valid/f1": 0.3940849304199219, "test/acc": 0.8461538553237915, "test/f1": 0.5285292267799377, "_wandb": {"runtime": 44}}