{"train/loss": 0.9585757255554199, "epoch": 0, "trainer/global_step": 49, "_timestamp": 1716534230.343529, "_runtime": 97.65975499153137, "_step": 0, "_wandb": {"runtime": 190}}